{"cameraMode":{"drawMode":0,"name":"Shaded","section":"Shading Mode"},"sceneLighting":false,"audioPlay":false,"sceneViewState":{"showFog":true,"showMaterialUpdate":false,"showSkybox":true,"showFlares":true,"showImageEffects":true,"showParticleSystems":true},"in2DMode":false,"pivot":{"x":0.25,"y":1.2730000019073487,"z":0.24413251876831056},"rotation":{"x":0.2614014744758606,"y":0.6573494672775269,"z":-0.261714369058609,"w":0.6565565466880798},"size":2.8578836917877199,"orthographic":false}