{"cameraMode":{"drawMode":0,"name":"Shaded","section":"Shading Mode"},"sceneLighting":true,"audioPlay":false,"sceneViewState":{"showFog":true,"showMaterialUpdate":false,"showSkybox":true,"showFlares":true,"showImageEffects":true,"showParticleSystems":true},"in2DMode":false,"pivot":{"x":-0.4865577518939972,"y":0.17120011150836945,"z":-0.37065625190734866},"rotation":{"x":0.005526269786059856,"y":-0.9943200945854187,"z":0.06463245302438736,"w":0.08673730492591858},"size":1.8140010833740235,"orthographic":true}