{"cameraMode":{"drawMode":0,"name":"Shaded","section":"Shading Mode"},"sceneLighting":true,"audioPlay":false,"sceneViewState":{"showFog":true,"showMaterialUpdate":false,"showSkybox":true,"showFlares":true,"showImageEffects":true,"showParticleSystems":true},"in2DMode":false,"pivot":{"x":-0.8757824301719666,"y":0.7273394465446472,"z":1.2473690509796143},"rotation":{"x":-0.07577583193778992,"y":-0.8667014241218567,"z":0.13881038129329682,"w":-0.4731530547142029},"size":3.5150232315063478,"orthographic":false}